chain, residue_label, residue_name, score, zscore, probability, pocket
A,    1, SER,  0.1512,  -0.2952,   0.0044, 0
A,    2, LEU,  0.1835,  -0.2772,   0.0059, 0
A,    3, SER,  0.0837,  -0.3328,   0.0018, 0
A,    4, ASN,  0.0641,  -0.3437,   0.0013, 0
A,    5, LYS,  0.1055,  -0.3207,   0.0025, 0
A,    6, LEU,  0.0258,  -0.3651,   0.0006, 0
A,    7, THR,  0.0449,  -0.3545,   0.0009, 0
A,    8, LEU,  0.0102,  -0.3738,   0.0004, 0
A,    9, ASP,  0.2271,  -0.2529,   0.0085, 0
A,   10, LYS,  0.0333,  -0.3609,   0.0007, 0
A,   11, LEU,  0.0153,  -0.3709,   0.0004, 0
A,   12, ASP,  0.0172,  -0.3698,   0.0005, 0
A,   13, VAL,  0.0092,  -0.3743,   0.0003, 0
A,   14, LYS,  0.0226,  -0.3668,   0.0005, 0
A,   15, GLY,  0.0238,  -0.3662,   0.0005, 0
A,   16, LYS,  0.0188,  -0.3690,   0.0005, 0
A,   17, ARG,  0.0202,  -0.3682,   0.0005, 0
A,   18, VAL,  0.0000,  -0.3795,   0.0002, 0
A,   19, VAL,  0.0000,  -0.3795,   0.0002, 0
A,   20, MET,  0.0000,  -0.3795,   0.0002, 0
A,   21, ARG,  1.0693,   0.2166,   0.1598, 0
A,   22, VAL,  0.0590,  -0.3466,   0.0012, 0
A,   23, ASP,  0.9229,   0.1350,   0.1211, 2
A,   24, PHE,  0.0737,  -0.3384,   0.0016, 0
A,   25, ASN,  2.0619,   0.7698,   0.4278, 2
A,   26, VAL,  0.7203,   0.0220,   0.0739, 0
A,   27, PRO,  0.7919,   0.0619,   0.0893, 2
A,   28, MET,  0.5320,  -0.0829,   0.0406, 0
A,   29, LYS,  0.3913,  -0.1613,   0.0226, 0
A,   30, ASN,  0.1557,  -0.2927,   0.0046, 0
A,   31, ASN,  0.3901,  -0.1620,   0.0225, 0
A,   32, GLN,  0.2783,  -0.2243,   0.0122, 0
A,   33, ILE,  0.2331,  -0.2496,   0.0089, 0
A,   34, THR,  0.0211,  -0.3677,   0.0005, 0
A,   35, ASN,  0.3550,  -0.1816,   0.0189, 0
A,   36, ASN,  0.0491,  -0.3521,   0.0010, 0
A,   37, GLN,  0.9228,   0.1349,   0.1210, 0
A,   38, ARG,  2.2705,   0.8861,   0.4747, 2
A,   39, ILE,  0.0116,  -0.3730,   0.0004, 0
A,   40, LYS,  0.1348,  -0.3043,   0.0037, 0
A,   41, ALA,  0.5072,  -0.0967,   0.0369, 0
A,   42, ALA,  0.0372,  -0.3587,   0.0008, 0
A,   43, VAL,  0.1352,  -0.3041,   0.0037, 0
A,   44, PRO,  0.3953,  -0.1591,   0.0230, 0
A,   45, SER,  0.1058,  -0.3205,   0.0025, 0
A,   46, ILE,  0.0083,  -0.3748,   0.0003, 0
A,   47, LYS,  0.2310,  -0.2507,   0.0088, 0
A,   48, PHE,  0.2709,  -0.2285,   0.0116, 0
A,   49, CYS,  0.0206,  -0.3680,   0.0005, 0
A,   50, LEU,  0.0429,  -0.3555,   0.0009, 0
A,   51, ASP,  0.0716,  -0.3396,   0.0015, 0
A,   52, ASN,  0.1466,  -0.2977,   0.0042, 0
A,   53, GLY,  0.0382,  -0.3582,   0.0008, 0
A,   54, ALA,  0.0385,  -0.3580,   0.0008, 0
A,   55, LYS,  0.0458,  -0.3539,   0.0009, 0
A,   56, SER,  0.0080,  -0.3750,   0.0003, 0
A,   57, VAL,  0.0000,  -0.3795,   0.0002, 0
A,   58, VAL,  0.0000,  -0.3795,   0.0002, 0
A,   59, LEU,  0.0000,  -0.3795,   0.0002, 0
A,   60, MET,  0.0000,  -0.3795,   0.0002, 0
A,   61, SER,  0.0347,  -0.3601,   0.0007, 0
A,   62, HIS,  1.5340,   0.4756,   0.2921, 2
A,   63, LEU,  0.4793,  -0.1123,   0.0331, 0
A,   64, GLY,  0.2223,  -0.2556,   0.0082, 2
A,   65, ARG,  0.7661,   0.0476,   0.0836, 2
A,   66, PRO,  0.0574,  -0.3475,   0.0012, 0
A,   67, ASP,  0.0281,  -0.3638,   0.0006, 0
A,   68, GLY,  0.0590,  -0.3466,   0.0012, 0
A,   69, VAL,  0.1441,  -0.2991,   0.0041, 0
A,   70, PRO,  0.2198,  -0.2569,   0.0081, 0
A,   71, MET,  0.1809,  -0.2786,   0.0058, 0
A,   72, PRO,  0.0729,  -0.3388,   0.0016, 0
A,   73, ASP,  0.0645,  -0.3435,   0.0013, 0
A,   74, LYS,  0.5140,  -0.0929,   0.0379, 0
A,   75, TYR,  0.5684,  -0.0626,   0.0462, 0
A,   76, SER,  0.3912,  -0.1614,   0.0226, 0
A,   77, LEU,  0.2068,  -0.2642,   0.0073, 0
A,   78, GLU,  0.0988,  -0.3244,   0.0023, 0
A,   79, PRO,  0.3165,  -0.2031,   0.0154, 0
A,   80, VAL,  0.2215,  -0.2560,   0.0082, 0
A,   81, ALA,  0.0135,  -0.3719,   0.0004, 0
A,   82, VAL,  0.0299,  -0.3628,   0.0006, 0
A,   83, GLU,  0.0073,  -0.3754,   0.0003, 0
A,   84, LEU,  0.0001,  -0.3794,   0.0002, 0
A,   85, LYS,  0.0249,  -0.3656,   0.0006, 0
A,   86, SER,  0.0137,  -0.3718,   0.0004, 0
A,   87, LEU,  0.0336,  -0.3607,   0.0007, 0
A,   88, LEU,  0.0965,  -0.3257,   0.0022, 0
A,   89, GLY,  0.0151,  -0.3711,   0.0004, 0
A,   90, LYS,  0.0466,  -0.3535,   0.0009, 0
A,   91, ASP,  0.0170,  -0.3700,   0.0004, 0
A,   92, VAL,  0.0163,  -0.3704,   0.0004, 0
A,   93, LEU,  0.0715,  -0.3396,   0.0015, 0
A,   94, PHE,  0.0458,  -0.3539,   0.0009, 0
A,   95, LEU,  0.0578,  -0.3472,   0.0012, 0
A,   96, LYS,  0.0866,  -0.3312,   0.0019, 0
A,   97, ASP,  0.2734,  -0.2271,   0.0118, 0
A,   98, CYS,  0.0379,  -0.3583,   0.0008, 0
A,   99, VAL,  0.6656,  -0.0084,   0.0629, 0
A,  100, GLY,  0.5269,  -0.0858,   0.0398, 0
A,  101, PRO,  0.3908,  -0.1616,   0.0226, 0
A,  102, GLU,  0.0506,  -0.3513,   0.0010, 0
A,  103, VAL,  0.0194,  -0.3686,   0.0005, 0
A,  104, GLU,  0.2005,  -0.2677,   0.0069, 0
A,  105, LYS,  0.0119,  -0.3728,   0.0004, 0
A,  106, ALA,  0.0594,  -0.3464,   0.0012, 0
A,  107, CYS,  0.0214,  -0.3676,   0.0005, 0
A,  108, ALA,  0.0180,  -0.3694,   0.0005, 0
A,  109, ASN,  0.0227,  -0.3668,   0.0005, 0
A,  110, PRO,  0.0483,  -0.3525,   0.0010, 0
A,  111, ALA,  0.0392,  -0.3576,   0.0008, 0
A,  112, ALA,  0.0470,  -0.3533,   0.0010, 0
A,  113, GLY,  0.0407,  -0.3567,   0.0008, 0
A,  114, SER,  0.0577,  -0.3473,   0.0012, 0
A,  115, VAL,  0.0299,  -0.3628,   0.0006, 0
A,  116, ILE,  0.0491,  -0.3521,   0.0010, 0
A,  117, LEU,  0.0019,  -0.3784,   0.0003, 0
A,  118, LEU,  0.0065,  -0.3758,   0.0003, 0
A,  119, GLU,  0.0570,  -0.3477,   0.0012, 0
A,  120, ASN,  0.0053,  -0.3765,   0.0003, 0
A,  121, LEU,  0.0000,  -0.3795,   0.0002, 0
A,  122, ARG,  1.4944,   0.4535,   0.2810, 2
A,  123, PHE,  0.1650,  -0.2875,   0.0050, 0
A,  124, HIS,  0.5604,  -0.0671,   0.0449, 0
A,  125, VAL,  0.0871,  -0.3309,   0.0019, 0
A,  126, GLU,  0.3025,  -0.2108,   0.0142, 0
A,  127, GLU,  0.0107,  -0.3735,   0.0004, 0
A,  128, GLU,  0.3487,  -0.1851,   0.0184, 0
A,  129, GLY,  0.0359,  -0.3595,   0.0007, 0
A,  130, LYS,  0.0285,  -0.3636,   0.0006, 0
A,  131, GLY,  0.0140,  -0.3717,   0.0004, 0
A,  132, LYS,  0.0748,  -0.3378,   0.0016, 0
A,  135, SER,  0.0656,  -0.3429,   0.0014, 0
A,  136, GLY,  0.0643,  -0.3436,   0.0013, 0
A,  137, ASN,  0.0126,  -0.3724,   0.0004, 0
A,  138, LYS,  0.0286,  -0.3635,   0.0006, 0
A,  139, VAL,  0.0350,  -0.3599,   0.0007, 0
A,  140, LYS,  0.0326,  -0.3613,   0.0007, 0
A,  141, ALA,  0.0461,  -0.3538,   0.0009, 0
A,  142, GLU,  0.0173,  -0.3698,   0.0005, 0
A,  143, PRO,  0.0662,  -0.3426,   0.0014, 0
A,  144, ALA,  0.0184,  -0.3692,   0.0005, 0
A,  145, LYS,  0.4661,  -0.1197,   0.0314, 0
A,  146, ILE,  0.0873,  -0.3308,   0.0019, 0
A,  147, GLU,  0.0764,  -0.3369,   0.0016, 0
A,  148, ALA,  0.4771,  -0.1136,   0.0328, 0
A,  149, PHE,  0.5573,  -0.0688,   0.0444, 0
A,  150, ARG,  0.1227,  -0.3110,   0.0032, 0
A,  151, ALA,  0.0476,  -0.3529,   0.0010, 0
A,  152, SER,  0.4916,  -0.1054,   0.0348, 0
A,  153, LEU,  0.0184,  -0.3692,   0.0005, 0
A,  154, SER,  0.0265,  -0.3647,   0.0006, 0
A,  155, LYS,  0.0259,  -0.3650,   0.0006, 0
A,  156, LEU,  0.0051,  -0.3766,   0.0003, 0
A,  157, GLY,  0.0064,  -0.3759,   0.0003, 0
A,  158, ASP,  0.0141,  -0.3716,   0.0004, 0
A,  159, VAL,  0.0025,  -0.3781,   0.0003, 0
A,  160, TYR,  0.0187,  -0.3691,   0.0005, 0
A,  161, VAL,  0.0000,  -0.3795,   0.0002, 0
A,  162, ASN,  0.0000,  -0.3795,   0.0002, 0
A,  163, ASP,  0.0492,  -0.3521,   0.0010, 0
A,  164, ALA,  0.3732,  -0.1715,   0.0207, 0
A,  165, PHE,  0.5610,  -0.0667,   0.0450, 0
A,  166, GLY,  1.9564,   0.7110,   0.4028, 2
A,  167, THR,  1.8336,   0.6426,   0.3723, 2
A,  168, ALA,  0.0095,  -0.3742,   0.0003, 0
A,  169, HIS,  1.6849,   0.5597,   0.3334, 2
A,  170, ARG,  0.8367,   0.0869,   0.0997, 2
A,  171, ALA,  0.0766,  -0.3368,   0.0016, 0
A,  172, HIS,  0.3868,  -0.1638,   0.0222, 0
A,  173, SER,  0.0553,  -0.3486,   0.0011, 0
A,  174, SER,  0.0187,  -0.3691,   0.0005, 0
A,  175, MET,  0.0534,  -0.3497,   0.0011, 0
A,  176, VAL,  0.0650,  -0.3432,   0.0014, 0
A,  177, GLY,  0.0709,  -0.3400,   0.0015, 0
A,  178, VAL,  0.0250,  -0.3655,   0.0006, 0
A,  179, ASN,  0.0523,  -0.3503,   0.0011, 0
A,  180, LEU,  0.0407,  -0.3568,   0.0008, 0
A,  181, PRO,  0.0133,  -0.3721,   0.0004, 0
A,  182, GLN,  0.0162,  -0.3704,   0.0004, 0
A,  183, LYS,  0.0521,  -0.3504,   0.0011, 0
A,  184, ALA,  0.0000,  -0.3795,   0.0002, 0
A,  185, GLY,  0.0138,  -0.3718,   0.0004, 0
A,  186, GLY,  0.0014,  -0.3787,   0.0002, 0
A,  187, PHE,  0.4534,  -0.1267,   0.0298, 0
A,  188, LEU,  0.6772,  -0.0020,   0.0652, 0
A,  189, MET,  0.0880,  -0.3304,   0.0020, 0
A,  190, LYS,  0.2091,  -0.2629,   0.0074, 0
A,  191, LYS,  0.8107,   0.0724,   0.0936, 0
A,  192, GLU,  0.5216,  -0.0887,   0.0390, 0
A,  193, LEU,  0.0749,  -0.3377,   0.0016, 0
A,  194, ASN,  0.2755,  -0.2259,   0.0120, 0
A,  195, TYR,  0.5363,  -0.0805,   0.0413, 0
A,  196, PHE,  0.0241,  -0.3660,   0.0006, 0
A,  197, ALA,  0.0637,  -0.3440,   0.0013, 0
A,  198, LYS,  0.2230,  -0.2552,   0.0083, 0
A,  199, ALA,  0.0081,  -0.3750,   0.0003, 0
A,  200, LEU,  0.1129,  -0.3165,   0.0028, 0
A,  201, GLU,  0.1236,  -0.3105,   0.0032, 0
A,  202, SER,  0.0147,  -0.3712,   0.0004, 0
A,  203, PRO,  0.0157,  -0.3707,   0.0004, 0
A,  204, GLU,  0.0385,  -0.3580,   0.0008, 0
A,  205, ARG,  0.0445,  -0.3546,   0.0009, 0
A,  206, PRO,  0.0228,  -0.3667,   0.0005, 0
A,  207, PHE,  0.0082,  -0.3749,   0.0003, 0
A,  208, LEU,  0.0004,  -0.3793,   0.0002, 0
A,  209, ALA,  0.0004,  -0.3793,   0.0002, 0
A,  210, ILE,  0.0000,  -0.3795,   0.0002, 0
A,  211, LEU,  0.0404,  -0.3570,   0.0008, 0
A,  212, GLY,  2.1952,   0.8441,   0.4581, 1
A,  213, GLY,  5.5256,   2.7005,   0.8568, 1
A,  214, ALA,  7.0231,   3.5352,   0.9182, 1
A,  215, LYS,  0.6271,  -0.0299,   0.0559, 0
A,  216, VAL,  0.0114,  -0.3731,   0.0004, 0
A,  217, ALA,  0.0027,  -0.3780,   0.0003, 0
A,  218, ASP,  0.3192,  -0.2016,   0.0156, 1
A,  219, LYS,  1.0382,   0.1992,   0.1512, 1
A,  220, ILE,  0.0701,  -0.3404,   0.0015, 0
A,  221, GLN,  0.0785,  -0.3357,   0.0017, 0
A,  222, LEU,  0.1021,  -0.3225,   0.0024, 0
A,  223, ILE,  0.1283,  -0.3079,   0.0034, 3
A,  224, ASN,  0.1144,  -0.3157,   0.0028, 0
A,  225, ASN,  0.0689,  -0.3411,   0.0014, 0
A,  226, MET,  0.0150,  -0.3711,   0.0004, 0
A,  227, LEU,  0.1512,  -0.2952,   0.0044, 0
A,  228, ASP,  0.0683,  -0.3414,   0.0014, 0
A,  229, LYS,  0.0819,  -0.3338,   0.0018, 0
A,  230, VAL,  0.0170,  -0.3700,   0.0004, 0
A,  231, ASN,  0.0300,  -0.3627,   0.0006, 0
A,  232, GLU,  0.0122,  -0.3726,   0.0004, 0
A,  233, MET,  0.1227,  -0.3111,   0.0032, 3
A,  234, ILE,  0.1282,  -0.3080,   0.0034, 0
A,  235, ILE,  0.5893,  -0.0510,   0.0496, 3
A,  236, GLY,  1.7580,   0.6004,   0.3529, 0
A,  237, GLY,  6.6524,   3.3286,   0.9065, 1
A,  238, GLY,  7.0756,   3.5645,   0.9199, 1
A,  239, MET,  4.1076,   1.9101,   0.7523, 0
A,  240, ALA,  0.6120,  -0.0383,   0.0533, 0
A,  241, PHE,  4.5567,   2.1604,   0.7918, 1
A,  242, THR,  0.0230,  -0.3666,   0.0005, 0
A,  243, PHE,  0.2093,  -0.2628,   0.0074, 0
A,  244, LEU,  0.1411,  -0.3008,   0.0039, 0
A,  245, LYS,  0.0830,  -0.3332,   0.0018, 0
A,  246, VAL,  0.0440,  -0.3550,   0.0009, 0
A,  247, LEU,  0.1875,  -0.2749,   0.0062, 0
A,  248, ASN,  0.1788,  -0.2798,   0.0057, 0
A,  249, ASN,  0.0163,  -0.3704,   0.0004, 0
A,  250, MET,  0.0114,  -0.3731,   0.0004, 0
A,  251, GLU,  0.0274,  -0.3642,   0.0006, 0
A,  252, ILE,  0.0511,  -0.3510,   0.0010, 0
A,  253, GLY,  0.0474,  -0.3530,   0.0010, 0
A,  254, THR,  0.4174,  -0.1468,   0.0255, 0
A,  255, SER,  2.0171,   0.7449,   0.4175, 0
A,  256, LEU,  6.4793,   3.2321,   0.9001, 1
A,  257, PHE,  0.0801,  -0.3348,   0.0017, 0
A,  258, ASP,  0.0146,  -0.3713,   0.0004, 0
A,  259, GLU,  0.0535,  -0.3497,   0.0011, 0
A,  260, GLU,  0.0148,  -0.3712,   0.0004, 0
A,  261, GLY,  0.0006,  -0.3791,   0.0002, 0
A,  262, ALA,  0.0399,  -0.3572,   0.0008, 0
A,  263, LYS,  0.0305,  -0.3625,   0.0007, 0
A,  264, ILE,  0.0511,  -0.3510,   0.0010, 0
A,  265, VAL,  0.0767,  -0.3367,   0.0017, 0
A,  266, LYS,  0.0263,  -0.3648,   0.0006, 0
A,  267, ASP,  0.0702,  -0.3404,   0.0015, 0
A,  268, LEU,  0.1942,  -0.2712,   0.0065, 3
A,  269, MET,  0.2594,  -0.2349,   0.0108, 3
A,  270, SER,  0.0186,  -0.3691,   0.0005, 0
A,  271, LYS,  0.1417,  -0.3005,   0.0040, 0
A,  272, ALA,  0.1494,  -0.2962,   0.0043, 0
A,  273, GLU,  0.0268,  -0.3645,   0.0006, 0
A,  274, LYS,  0.0064,  -0.3759,   0.0003, 0
A,  275, ASN,  0.0221,  -0.3672,   0.0005, 0
A,  276, GLY,  0.0111,  -0.3733,   0.0004, 0
A,  277, VAL,  0.0723,  -0.3392,   0.0015, 0
A,  278, LYS,  0.0564,  -0.3481,   0.0012, 0
A,  279, ILE,  0.3282,  -0.1965,   0.0164, 3
A,  280, THR,  0.1106,  -0.3178,   0.0027, 0
A,  281, LEU,  0.2300,  -0.2513,   0.0087, 0
A,  282, PRO,  0.6291,  -0.0288,   0.0563, 0
A,  283, VAL,  0.1135,  -0.3162,   0.0028, 0
A,  284, ASP,  0.4192,  -0.1458,   0.0257, 0
A,  285, PHE,  0.6741,  -0.0037,   0.0646, 1
A,  286, VAL,  0.1192,  -0.3130,   0.0030, 0
A,  287, THR,  0.3113,  -0.2059,   0.0149, 0
A,  288, ALA,  0.0018,  -0.3785,   0.0003, 0
A,  289, ASP,  0.0325,  -0.3613,   0.0007, 0
A,  290, LYS,  0.0268,  -0.3645,   0.0006, 0
A,  291, PHE,  4.3055,   2.0204,   0.7707, 1
A,  292, ASP,  0.0248,  -0.3656,   0.0006, 0
A,  293, GLU,  0.0415,  -0.3563,   0.0008, 0
A,  294, ASN,  0.0181,  -0.3694,   0.0005, 0
A,  295, ALA,  0.0103,  -0.3737,   0.0004, 0
A,  296, LYS,  0.0503,  -0.3514,   0.0010, 0
A,  297, THR,  0.3076,  -0.2080,   0.0146, 0
A,  298, GLY,  0.3573,  -0.1803,   0.0192, 0
A,  299, GLN,  0.3466,  -0.1863,   0.0182, 0
A,  300, ALA,  0.1838,  -0.2770,   0.0060, 0
A,  301, THR,  0.0147,  -0.3713,   0.0004, 0
A,  302, VAL,  0.0950,  -0.3265,   0.0022, 0
A,  303, ALA,  0.0158,  -0.3707,   0.0004, 0
A,  304, SER,  0.0158,  -0.3707,   0.0004, 0
A,  305, GLY,  0.0066,  -0.3758,   0.0003, 0
A,  306, ILE,  0.1836,  -0.2771,   0.0059, 0
A,  307, PRO,  0.3767,  -0.1695,   0.0211, 0
A,  308, ALA,  0.1254,  -0.3096,   0.0033, 0
A,  309, GLY,  0.0468,  -0.3534,   0.0009, 0
A,  310, TRP,  0.4108,  -0.1505,   0.0248, 0
A,  311, MET,  1.7559,   0.5993,   0.3524, 1
A,  312, GLY,  4.3317,   2.0351,   0.7730, 1
A,  313, LEU,  5.3932,   2.6267,   0.8493, 1
A,  314, ASP,  3.3520,   1.4890,   0.6631, 1
A,  315, CYS,  1.2038,   0.2916,   0.1974, 1
A,  316, GLY,  0.1552,  -0.2930,   0.0046, 0
A,  317, PRO,  0.1099,  -0.3182,   0.0027, 0
A,  318, GLU,  0.0305,  -0.3625,   0.0007, 0
A,  319, SER,  0.5448,  -0.0758,   0.0425, 0
A,  320, SER,  0.1200,  -0.3126,   0.0031, 0
A,  321, LYS,  0.1134,  -0.3162,   0.0028, 0
A,  322, LYS,  0.1308,  -0.3065,   0.0035, 0
A,  323, TYR,  0.5709,  -0.0613,   0.0466, 0
A,  324, ALA,  0.1148,  -0.3155,   0.0029, 0
A,  325, GLU,  0.0118,  -0.3729,   0.0004, 0
A,  326, ALA,  0.0062,  -0.3760,   0.0003, 0
A,  327, VAL,  0.0304,  -0.3625,   0.0006, 0
A,  328, THR,  0.0307,  -0.3623,   0.0007, 0
A,  329, ARG,  0.0399,  -0.3572,   0.0008, 0
A,  330, ALA,  0.0294,  -0.3631,   0.0006, 0
A,  331, LYS,  0.0383,  -0.3581,   0.0008, 0
A,  332, GLN,  0.0335,  -0.3608,   0.0007, 0
A,  333, ILE,  0.0004,  -0.3793,   0.0002, 0
A,  334, VAL,  0.0000,  -0.3795,   0.0002, 0
A,  335, TRP,  0.0000,  -0.3795,   0.0002, 0
A,  336, ASN,  0.9366,   0.1426,   0.1244, 1
A,  337, GLY,  1.6525,   0.5416,   0.3246, 1
A,  338, PRO,  3.9143,   1.8024,   0.7327, 1
A,  339, VAL,  4.2914,   2.0126,   0.7695, 1
A,  340, GLY,  5.8164,   2.8626,   0.8716, 1
A,  341, VAL,  6.6531,   3.3290,   0.9065, 1
A,  342, PHE,  1.0680,   0.2158,   0.1594, 1
A,  343, GLU,  0.5517,  -0.0719,   0.0435, 1
A,  344, TRP,  0.1136,  -0.3161,   0.0028, 0
A,  345, GLU,  0.0814,  -0.3341,   0.0018, 0
A,  346, ALA,  0.0451,  -0.3543,   0.0009, 0
A,  347, PHE,  0.1397,  -0.3016,   0.0039, 0
A,  348, ALA,  0.0312,  -0.3621,   0.0007, 0
A,  349, ARG,  0.2116,  -0.2615,   0.0075, 0
A,  350, GLY,  0.1037,  -0.3216,   0.0025, 0
A,  351, THR,  0.0874,  -0.3307,   0.0019, 0
A,  352, LYS,  0.1749,  -0.2820,   0.0055, 0
A,  353, ALA,  0.1343,  -0.3046,   0.0036, 0
A,  354, LEU,  0.0945,  -0.3268,   0.0022, 0
A,  355, MET,  0.1595,  -0.2906,   0.0048, 0
A,  356, ASP,  0.1886,  -0.2743,   0.0062, 0
A,  357, GLU,  0.1189,  -0.3132,   0.0030, 0
A,  358, VAL,  0.0011,  -0.3789,   0.0002, 0
A,  359, VAL,  0.1021,  -0.3225,   0.0024, 0
A,  360, LYS,  0.0533,  -0.3497,   0.0011, 0
A,  361, ALA,  0.0275,  -0.3641,   0.0006, 0
A,  362, THR,  0.0242,  -0.3660,   0.0006, 0
A,  363, SER,  0.0147,  -0.3712,   0.0004, 0
A,  364, ARG,  0.0506,  -0.3513,   0.0010, 0
A,  365, GLY,  0.0530,  -0.3499,   0.0011, 0
A,  366, CYS,  0.0636,  -0.3440,   0.0013, 0
A,  367, ILE,  0.2427,  -0.2442,   0.0096, 0
A,  368, THR,  0.0479,  -0.3527,   0.0010, 0
A,  369, ILE,  0.0363,  -0.3592,   0.0007, 0
A,  370, ILE,  0.0555,  -0.3485,   0.0011, 0
A,  371, GLY,  0.3038,  -0.2101,   0.0143, 0
A,  372, GLY,  0.9321,   0.1401,   0.1233, 1
A,  373, GLY,  1.2579,   0.3217,   0.2128, 1
A,  374, ASP,  1.4330,   0.4193,   0.2634, 1
A,  375, THR,  0.4660,  -0.1197,   0.0314, 0
A,  376, ALA,  0.5643,  -0.0649,   0.0455, 2
A,  377, THR,  0.4006,  -0.1562,   0.0236, 0
A,  378, CYS,  0.1195,  -0.3128,   0.0030, 0
A,  379, CYS,  0.2229,  -0.2552,   0.0083, 0
A,  380, ALA,  0.3595,  -0.1791,   0.0194, 0
A,  381, LYS,  0.2134,  -0.2605,   0.0077, 0
A,  382, TRP,  0.2096,  -0.2627,   0.0074, 0
A,  383, ASN,  0.0714,  -0.3396,   0.0015, 0
A,  384, THR,  0.1763,  -0.2812,   0.0056, 0
A,  385, GLU,  0.3192,  -0.2015,   0.0156, 0
A,  386, ASP,  0.0130,  -0.3722,   0.0004, 0
A,  387, LYS,  0.0801,  -0.3348,   0.0017, 0
A,  388, VAL,  0.0989,  -0.3244,   0.0023, 0
A,  389, SER,  0.4420,  -0.1331,   0.0285, 0
A,  390, HIS,  0.5972,  -0.0466,   0.0508, 0
A,  391, VAL,  0.9705,   0.1615,   0.1333, 0
A,  392, SER,  0.7773,   0.0538,   0.0862, 2
A,  393, THR,  2.0695,   0.7741,   0.4296, 2
A,  394, GLY,  1.3288,   0.3612,   0.2332, 2
A,  395, GLY,  1.1132,   0.2410,   0.1719, 1
A,  396, GLY,  0.7944,   0.0634,   0.0899, 1
A,  397, ALA,  0.4861,  -0.1085,   0.0340, 0
A,  398, SER,  0.3647,  -0.1762,   0.0199, 0
A,  399, LEU,  0.7401,   0.0331,   0.0780, 1
A,  400, GLU,  0.0381,  -0.3582,   0.0008, 0
A,  401, LEU,  0.1512,  -0.2952,   0.0044, 0
A,  402, LEU,  0.1346,  -0.3044,   0.0036, 0
A,  403, GLU,  0.0355,  -0.3597,   0.0007, 0
A,  404, GLY,  0.0783,  -0.3358,   0.0017, 0
A,  405, LYS,  0.1311,  -0.3064,   0.0035, 0
A,  406, VAL,  0.1571,  -0.2919,   0.0046, 0
A,  407, LEU,  0.1004,  -0.3235,   0.0023, 0
A,  408, PRO,  0.0479,  -0.3527,   0.0010, 0
A,  409, GLY,  0.0274,  -0.3642,   0.0006, 0
A,  410, VAL,  0.0910,  -0.3287,   0.0021, 0
A,  411, ASP,  0.0923,  -0.3280,   0.0021, 0
A,  412, ALA,  0.0580,  -0.3471,   0.0012, 0
A,  413, LEU,  0.0567,  -0.3479,   0.0012, 0
A,  414, SER,  0.0272,  -0.3643,   0.0006, 0
A,  415, ASN,  0.0341,  -0.3605,   0.0007, 0
A,  416, ILE,  0.0197,  -0.3685,   0.0005, 0
